,Time,User,Tweet
0,2022-07-08 03:06:24+00:00,FaridSafi,bun: fast JavaScript runtime and package manager https://t.co/1Ngn5vpRTz #javascript
1,2022-07-08 03:02:12+00:00,AJELNEWS24,"Ø¹Ø§Ø¬Ù„ ğŸ”´ 
.

.
Ø­Ø¬Ø§Ø¬ Ø¨ÙŠØª Ø§Ù„Ù„Ù‡ Ø§Ù„Ø­Ø±Ø§Ù… ÙŠØªÙˆØ§ÙØ¯ÙˆÙ† Ø¥Ù„Ù‰ Ù…Ø´Ø¹Ø± Ø¹Ø±ÙØ© Ù„Ù‚Ø¶Ø§Ø¡ ÙŠÙˆÙ… Ø§Ù„ØªØ§Ø³Ø¹ Ø´Ù‡Ø± Ù…Ù† Ø°ÙŠ Ø§Ù„Ø­Ø¬Ø©.

-
 https://t.co/dUMN4wAyFo"
2,2022-07-08 03:00:31+00:00,javacodegeeks,Coding Skills That Will Elevate Your Digital Marketing Career - #Java Code Geeks - 2022 https://t.co/alTPkiJDWP
3,2022-07-08 03:00:26+00:00,futureshift,Now you'll just make a standalone Meta account.  https://t.co/JsanWB3Gu8
4,2022-07-08 02:49:56+00:00,KirkDBorne,"#Python Examples of Popular #MachineLearning #Algorithms with Interactive #Jupyter Demos, plus the Background Mathâ€¦ https://t.co/fNmLCKWKQd"
5,2022-07-08 02:49:35+00:00,KirkDBorne,"ğŸŒŸğŸš€95 #DataScience Projects for Beginners, Solved and Explained with #Python â€” compiled by @amankk_9
â€”â€”â€”â€”â€”â€”
#BigDataâ€¦ https://t.co/X8OtHvHA66"
6,2022-07-08 02:48:03+00:00,KirkDBorne,"Big curated list of #AI Resources (books, courses, code, videos, competitions, journals, newsletters,...) viaâ€¦ https://t.co/iqM8Qh4MSj"
7,2022-07-08 02:45:55+00:00,theprof_2021,RT @JllIIlI: Ø«Ø±ÙŠØ¯ Ø£Ø¯Ø¹ÙŠØ© Ù„ÙŠÙˆÙ… Ø¹Ø±ÙÙ‡ Ø§Ù„Ù„Ù‡ ÙŠØ¬Ø¹Ù„ Ù„Ù†Ø§ ÙÙŠÙ‡ Ø¯Ø¹ÙˆØ§Øª Ù…Ø³ØªØ¬Ø§Ø¨Ø© :
8,2022-07-08 02:45:27+00:00,KirkDBorne,"#CyberSecurity career advice â• technical knowledge-building resources:
a) Outstanding book by @Shirastweet:â€¦ https://t.co/2YbmZnBV9v"
9,2022-07-08 02:44:50+00:00,KirkDBorne,Find Courses by Topic &lt;&gt; MIT OpenCourseWare &lt;&gt; Free Online Course Materials: https://t.co/SMwHBRNI1x by @MITOCWâ€¦ https://t.co/jQmTVZc92Z
10,2022-07-08 02:44:18+00:00,KirkDBorne,"The 10 Best Free #SEO Courses Available Online: https://t.co/sY4k8GewfT via @ReliablesoftNet
â€”â€”â€”
#AIâ€¦ https://t.co/04eFbt1IzO"
11,2022-07-08 02:42:43+00:00,KirkDBorne,"Free #IoT courses to build your skills &amp; advance your career, from top universities &amp; institutions at @edXOnlineâ€¦ https://t.co/NTv9G0d2pM"
12,2022-07-08 02:35:29+00:00,KirkDBorne,"50 Free Online Marketing Classes: https://t.co/H7RMXbMH3h by @soph_bern @HubSpot 
â€”â€”â€”â€”â€”â€”
#DigitalMarketing #Martechâ€¦ https://t.co/q0WD48SIrZ"
13,2022-07-08 02:33:06+00:00,KirkDBorne,"14 Best Free Online #DataScience with #Python Courses â€” compiled by @tut_ml 
â€”â€”â€”â€”â€”
#BigData #Analyticsâ€¦ https://t.co/gZqiWh7AUV"
14,2022-07-08 02:32:29+00:00,KirkDBorne,"Learn #DataScience from Scratch [using this curriculum with 20 free online courses]: https://t.co/aIz5Qk0kBT
â€”â€”â€”â€”â€”â€¦ https://t.co/2qbKtE3ETp"
15,2022-07-08 02:31:14+00:00,KirkDBorne,"800 free #ComputerScience classes you can take online right now, with video lectures: https://t.co/gI4ckSenph
â€”â€”â€”â€”â€¦ https://t.co/bqkPYhYsnG"
16,2022-07-08 02:27:08+00:00,jeremyphoward,"RT @YouAreLobbyLud: 1/ Serfdom died in England because the Black Death decimated the labour market, driving the value of serfs' labour up aâ€¦"
17,2022-07-08 02:10:21+00:00,jeremyphoward,RT @HamelHusain: This is a co-tweet!
18,2022-07-08 02:02:00+00:00,awscloud,"As Ukraine rebuilds, #AWS will continue to help. 

We are humbled to be recognized by @ZelenskyyUa andâ€¦ https://t.co/DSHfCq06Ev"
19,2022-07-08 02:00:00+00:00,javacodegeeks,Beginners Guide: How to Configure an Email Service Task for Red Hat Process Automation Manager - #Java Code Geeks -â€¦ https://t.co/vtRcY07NDd
